{
  "Component-dbg.js": 1631861001587,
  "manifest.json": 1631878200460,
  "model/models.js": 1631861001591,
  "controller/View1.controller.js": 1631861001587,
  "Component.js": 1631861001587,
  "manifest-bundle.zip": 1631878200489,
  "Component-preload.js": 1631878201033,
  "controller/View1-dbg.controller.js": 1631861001587,
  "model/models-dbg.js": 1631861001591,
  "i18n/i18n.properties": 1631861001587,
  "view/View1.view.xml": 1631877993083,
  "css/style.css": 1631861001587,
  "index.html": 1631861001587
}