{
  "welcomeFile": "/index.html",
  "authenticationMethod": "route",
  "routes": [{
		"authenticationType": "none",
		"csrfProtection": false,
		"source": "^/V2/(.*)$",
		"target": "$1",
		"destination": "Northwind"
},
    {
      "source": "^/resources/(.*)$",
      "target": "/resources/$1",
      "authenticationType": "none",
      "destination": "ui5"
    },
    {
      "source": "^/test-resources/(.*)$",
      "target": "/test-resources/$1",
      "authenticationType": "none",
      "destination": "ui5"
    },
    {
      "source": "^(.*)$",
      "target": "$1",
      "service": "html5-apps-repo-rt",
      "authenticationType": "xsuaa"
    }
  ]
}
